{
  "templates": [
    {
      "name": "App Route",
      "fields": [
        {
          "name": "pageTitle",
          "displayName": "Page Title",
          "section": "Page Metadata",
          "type": "Single-Line Text"
        }
      ],
      "route": false,
      "defaultRoute": true
    },
    {
      "name": "ContentBlock",
      "icon": "Office/16x16/document_tag.png",
      "fields": [
        {
          "name": "heading",
          "type": "Single-Line Text"
        },
        {
          "name": "content",
          "type": "Rich Text"
        }
      ]
    },
    {
      "name": "Dashboard",
      "displayName": "Connected Dashboard",
      "icon": "Office/16x16/document_tag.png",
      "fields": [
        {
          "name": "heading",
          "type": "Single-Line Text"
        },
        {
          "name": "customName",
          "type": "Single-Line Text"
        },
        {
          "name": "content",
          "type": "Rich Text"
        }
      ]
    }
  ],
  "placeholders": [
    {
      "name": "jss-main",
      "displayName": "Main"
    },
    {
      "name": "jss-tabs",
      "displayName": "Tabs",
      "id": "tabs-placeholder"
    }
  ],
  "appName": "my-first-jss-app-ang",
  "language": "en",
  "renderings": [
    {
      "name": "ContentBlock",
      "icon": "Office/16x16/document_tag.png",
      "exposedPlaceholders": [],
      "dataSourceTemplate": "ContentBlock"
    },
    {
      "name": "Dashboard",
      "displayName": "Connected Dashboard",
      "icon": "Office/16x16/document_tag.png",
      "exposedPlaceholders": [],
      "dataSourceTemplate": "Dashboard"
    }
  ],
  "wipeExisting": false,
  "rootPlaceholders": [
    "jss-main"
  ],
  "items": {
    "routes": [
      {
        "id": "home-page",
        "name": "home",
        "layout": {
          "renderings": [
            {
              "renderingName": "Dashboard",
              "placeholderKey": "/jss-main",
              "placeholderName": "jss-main",
              "dataSource": {
                "name": "home-jss-main-Dashboard-1",
                "displayName": "Dashboard-1",
                "template": "Dashboard",
                "fields": [
                  {
                    "name": "heading",
                    "value": "Hello, world!"
                  },
                  {
                    "name": "customName",
                    "value": "Hey this is a custom name"
                  },
                  {
                    "name": "content",
                    "value": "<div> <h3>Hi there</h3> <hr /> click <a href='http://www.google.com'>here</a> to open google </div>"
                  }
                ]
              },
              "renderingParams": [],
              "uid": "{74B6AC39-8573-5B42-92DF-84F089FBB805}"
            },
            {
              "renderingName": "ContentBlock",
              "placeholderKey": "/jss-main",
              "placeholderName": "jss-main",
              "dataSource": {
                "name": "home-jss-main-ContentBlock-2",
                "displayName": "ContentBlock-2",
                "template": "ContentBlock",
                "fields": [
                  {
                    "name": "heading",
                    "value": "Welcome to Sitecore JSS"
                  },
                  {
                    "name": "content",
                    "value": "<div>\n  <h1>Content</h1>\n  <div>\n    Sampel body content\n  </div>\n</div>\n"
                  }
                ]
              },
              "renderingParams": [],
              "uid": "{7418112D-B1C0-53FE-9256-B807B16FE3F4}"
            }
          ],
          "placeholders": [
            "jss-main"
          ]
        },
        "fields": [
          {
            "name": "pageTitle",
            "value": "Welcome to Sitecore JSS"
          }
        ]
      }
    ],
    "nonRoutes": []
  },
  "dictionary": []
}
